row,statusCode,ReqResponseDescription,title,uri
0,201,,0033u000012JCqJAAW,https://twitter.com/Melii87
1,201,,0033u000012JOtTAAW,https://twitter.com/gabistagnaro
2,201,,0033u000012JPzcAAG,https://twitter.com/Moria343Ana
3,201,,0033u000012JR1tAAG,https://twitter.com/cvaras
4,201,,0033u000012wgooAAA,https://twitter.com/lucapaxi
5,201,,0033u000012whuvAAA,https://twitter.com/dellbalero
6,201,,0033u000012wkTHAAY,https://twitter.com/patricuch
7,201,,0033u000012wmd1AAA,https://twitter.com/cardalera
8,201,,0033u000012wwNpAAI,https://twitter.com/AnyPincha11
9,201,,0033u000012wx5aAAA,https://twitter.com/HoraDeRadio
10,201,,0033u000012wxkzAAA,https://twitter.com/rnsuarez
11,201,,0033u000012wy0qAAA,https://twitter.com/LEONARDOKENAI
12,201,,0033u000012wy44AAA,https://twitter.com/paulyescudeiro
13,201,,0033u000012wy6YAAQ,https://twitter.com/patri1634
14,201,,0033u000012x06cAAA,https://twitter.com/angeloscarvazqu
15,201,,0033u000012x1UkAAI,https://twitter.com/NanaBonino
16,201,,0033u000012x2DIAAY,https://twitter.com/watusi_dance
17,201,,0033u000010u02pAAA,https://twitter.com/SanchezFacu_
18,201,,0036A000007ZIyfQAG,https://twitter.com/jmsere
19,201,,0036A000007ZJAwQAO,https://twitter.com/CruzJzanello73
20,201,,0036A000007ZKNaQAO,https://twitter.com/DamianVergani
21,201,,0036A000007ZMhYQAW,https://twitter.com/fendysujansky
22,201,,0036A000007ZN32QAG,https://twitter.com/gabrielagky
23,201,,0036A000007ZNP7QAO,https://twitter.com/marcoscolla2
24,201,,0036A000007ZNhzQAG,https://twitter.com/LeaSala
25,201,,0036A000007ZOHlQAO,https://twitter.com/onil588
26,201,,0036A000007ZPoOQAW,https://twitter.com/mariezambiazzo
27,201,,0036A000007ZPw5QAG,https://twitter.com/Azucalvetti
28,201,,0036A000007ZQjIQAW,https://twitter.com/julianakoz
29,201,,0036A000007ZQlsQAG,https://twitter.com/soria_alejandra
30,201,,0036A000007ZQydQAG,https://twitter.com/_axlxns
31,201,,0036A000007ZRKCQA4,https://twitter.com/JoacoTorres3
32,201,,0036A000007ZS6KQAW,https://twitter.com/analiatare
33,201,,0036A000007ZSLaQAO,https://twitter.com/SchiaGabi
34,201,,0036A000007ZTMsQAO,https://twitter.com/ssarasibar
35,201,,0036A000007ZU6TQAW,https://twitter.com/HernanEnrique6
36,201,,0036A000007ZUNDQA4,https://twitter.com/ernestoprf
37,201,,0036A000007ZUTIQA4,https://twitter.com/robertovota
38,201,,0036A000007ZUXUQA4,https://twitter.com/ZarzosoEmiliano
39,201,,0036A000007ZVCeQAO,https://twitter.com/TriniScaglia
